[{"id":2,"title":"Sweet fresh stawberry","type":"fruit","description":"Sweet fresh stawberry on the wooden table","filename":"1.jpg","height":450,"width":299,"price":29.45,"rating":31,"rating_count":2},{"id":3,"title":"Asparagus","type":"vegetable","description":"Asparagus with ham on the wooden table","filename":"2.jpg","height":450,"width":299,"price":18.95,"rating":3},{"id":4,"title":"Green smoothie","type":"dairy","description":"Glass of green smoothie with quail egg's yolk, served with cocktail tube, green apple and baby spinach leaves over tin surface.","filename":"3.jpg","height":600,"width":399,"price":17.68,"rating":4},{"id":5,"title":"Raw legums","type":"vegetable","description":"Raw legums on the wooden table","filename":"4.jpg","height":450,"width":299,"price":17.11,"rating":6,"rating_count":null},{"id":6,"title":"Baking cake","type":"dairy","description":"Baking cake in rural kitchen - dough  recipe ingredients (eggs, flour, sugar) on vintage wooden table from above.","filename":"5.jpg","height":450,"width":675,"price":11.14,"rating":4},{"id":7,"title":"Pesto with basil","type":"vegetable","description":"Italian traditional pesto with basil, chesse and oil","filename":"6.jpg","height":450,"width":299,"price":18.19,"rating":2},{"id":8,"title":"Hazelnut in black ceramic bowl","type":"vegetable","description":"Hazelnut in black ceramic bowl on old wooden background. forest wealth. rustic style. selective focus","filename":"7.jpg","height":450,"width":301,"price":27.35,"rating":0},{"id":9,"title":"Fresh stawberry","type":"fruit","description":"Sweet fresh stawberry on the wooden table","filename":"8.jpg","height":600,"width":399,"price":28.59,"rating":4},{"id":10,"title":"Lemon and salt","type":"fruit","description":"Rosemary, lemon and salt on the table","filename":"9.jpg","height":450,"width":299,"price":15.79,"rating":5},{"id":"11","title":"Mango","description":"The fruit is a drump, with an outer flesh surrounding a stone.","price":"40","rating":"4","type":"fruit"}]