[
    {
      "id": 1,
      "name": "The Avengers",
      "universe": "marvel",
      "genre": ["sci-fi", "superhero", "space"],
      "year": 2012,
      "rating": 8.3,
      "revenue": 670,
      "poster": "https://images-na.ssl-images-amazon.com/images/I/91UtzPe-u2L._SL1500_.jpg"
    },
    {
      "id": 2,
      "name": "Man of Steel",
      "universe": "dc",
      "genre": ["sci-fi", "superhero"],
      "year": 2013,
      "rating": 6,
      "revenue": 560,
      "poster": "https://www.joblo.com/assets/images/oldsite/posters/images/full/man-of-steel-cool-poster.jpg"
    },
    {
      "id": 3,
      "name": "Thor Ragnarok",
      "genre": ["space", "comedy", "adventure"],
      "universe": "marvel",
      "year": 2017,
      "rating": 9.1,
      "revenue": 900,
      "poster": "https://i.etsystatic.com/13367669/r/il/5a755b/1250992274/il_570xN.1250992274_ptk5.jpg"
    },
    {
      "id": 4,
      "name": "Avengers Age of Ultron",
      "genre": ["sci-fi", "action"],
      "universe": "marvel",
      "year": 2014,
      "rating": 7,
      "revenue": 654,
      "poster": "https://www.nydailynews.com/resizer/udJNCd2IJGwhXbDZYY7Ha-tiKqM=/415x614/top/arc-anglerfish-arc2-prod-tronc.s3.amazonaws.com/public/PVUVQOPX3F5D6OF52ETNS2CLEQ.jpg"
    },
    {
      "id": 5,
      "name": "Captain America - The First Avenger",
      "genre": ["history", "action"],
      "universe": "marvel",
      "year": 2013,
      "rating": 8,
      "revenue": 450,
      "poster": "https://i.pinimg.com/originals/22/ca/ba/22caba74041043e6aa6d0a6256973a82.jpg"
    },
    {
      "id": 6,
      "name": "Justice league",
      "universe": "dc",
      "genre": ["superhero", "action"],
      "year": 2015,
      "rating": 4,
      "revenue": 560,
      "poster": "https://cdna.artstation.com/p/assets/images/images/010/289/146/large/teggy-draws-800.jpg?1523619892"
    },
    {
      "id": 7,
      "name": "Avengers Infinity War",
      "universe": "marvel",
      "genre": ["multiverse", "action"],
      "year": 2018,
      "rating": 5,
      "revenue": 1200,
      "poster": "https://images-na.ssl-images-amazon.com/images/I/81F%2BYVt9QlL._SL1279_.jpg"
    }
  ]